<?xml version="1.0" encoding="UTF-8" standalone="yes"?>
<TestScript>
	<Name>TestName</Name>
	<Service>SrvCancelCreate</Service>
	<Description>Тест успешного прохождения SrvCancelCreate</Description>
	<Steps>

	<!--// ОТПРАВКА СООБЩЕНИЯ ОЧЕРЕДЬ IN -->
	<!--// ==================== -->

		<Step>
			<Name>SendToIN</Name>
			<Description>Sending test message to IN queue</Description>
			<Protocol>ArtJMS</Protocol>
			<Type>MQPUT</Type>
			<Connection>
				<TargetQ>MAI.TEST.PESHKOV.IN</TargetQ>
				<TargetQMgr>QWERTY.CLS</TargetQMgr>
				<User>maiadmin</User>
			</Connection>
			<Content>
				<Headers>
					<From>step1_head.xml</From>
				</Headers>
				<Body>
					<From>step1_body.json</From>
				</Body>
			</Content>
			<Params/>
		</Step>

		<!--// ОТПРАВКА СООБЩЕНИЯ ОЧЕРЕДЬ RQ -->
		<!-- ====================-->

		<Step>
			<Name>SendToRQ</Name>
			<Description>Sending test message to RQ queue</Description>
			<Protocol>ArtJMS</Protocol>
			<Type>MQGET</Type>
			<Connection>
				<TargetQ>MAI.TEST.PESHKOV.RQ</TargetQ>
				<TargetQMgr>QWERTY.CLS</TargetQMgr>
				<User>maiadmin</User>
			</Connection>
			<Content>
				<Headers>
					<From>step2_head.xml</From>
				</Headers>
				<Body>
					<From>step2_body.json</From>
				</Body>
				 <Vars>
					<Variable variableName="uipsystemdata">JMSProperties/UIPSYSTEMDATA</Variable>

					<Variable name="requestData">Body/name</Variable>
				</Vars>
			</Content>
			<Params>
				<Wait>15</Wait>
			</Params>
		</Step>

		<!--ОТПРАВКА СООБЩЕНИЯ ОЧЕРЕДЬ RS-->
		<!--====================--> 

		<Step>
			<Name>SendToRS</Name>
			<Description>Sending test message to RS queue</Description>
			<Protocol>ArtJMS</Protocol>
			<Type>MQPUT</Type>
			<Connection>
				<TargetQ>MAI.TEST.PESHKOV.RS</TargetQ>
				<TargetQMgr>QWERTY.CLS</TargetQMgr>
				<User>maiadmin</User>
			</Connection>
			<Content>
				<Headers>
					<From>step3_head.xml</From>
				</Headers>
				<Body>
					<From>step3_body.json</From>
				</Body>
			</Content>
			<Params>
				<CustomParam name="name">${requestData}</CustomParam>
			</Params>
		</Step>

		<!-- ОТПРАВКА СООБЩЕНИЯ ОЧЕРЕДЬ OUT --> 
		<!--=====================================-->

		<Step>
			<Name>SendToOUT</Name>
			<Description>Sending test message to IN queue</Description>
			<Protocol>ArtJMS</Protocol>
			<Type>MQGET</Type>
			<Connection>
				<TargetQ>MAI.TEST.PESHKOV.OUT</TargetQ>
				<TargetQMgr>QWERTY.CLS</TargetQMgr>
				<User>maiadmin</User>
			</Connection>
			<Content>
				<Headers>
					<From>step4_head.xml</From>
				</Headers>
				<Body>
					<From>step4_body.json</From>
				</Body>
			</Content>
			<Params>
				<Wait>15</Wait>
			</Params>
		</Step>
	</Steps>
</TestScript>
